,track.track_id,track.track_name,track.track_name_translation_list,track.track_rating,track.commontrack_id,track.instrumental,track.explicit,track.has_lyrics,track.has_subtitles,track.has_richsync,track.num_favourite,track.album_id,track.album_name,track.artist_id,track.artist_name,track.track_share_url,track.track_edit_url,track.restricted,track.updated_time,track.primary_genres.music_genre_list
0,265388010,Stumblin' In,[],92,165499735,0,0,1,1,0,6,59451910,Stumblin' In - Single,57673352,Cyril,https://www.musixmatch.com/lyrics/CYRIL-15/Stumblin-In?utm_source=application&utm_campaign=api&utm_medium=Demirro%3A1409621126359,https://www.musixmatch.com/lyrics/CYRIL-15/Stumblin-In/edit?utm_source=application&utm_campaign=api&utm_medium=Demirro%3A1409621126359,0,2023-11-21T11:38:35Z,"[{'music_genre': {'music_genre_id': 17, 'music_genre_parent_id': 34, 'music_genre_name': 'Dance', 'music_genre_name_extended': 'Dance', 'music_genre_vanity': 'Dance'}}]"
1,259898603,Vois sur ton chemin (Techno Mix),[],79,161564397,0,0,1,1,1,24,57817074,Vois sur ton chemin (Techno Mix),24485281,BENNETT,https://www.musixmatch.com/lyrics/Bennett/Vois-sur-ton-chemin-Techno-Mix?utm_source=application&utm_campaign=api&utm_medium=Demirro%3A1409621126359,https://www.musixmatch.com/lyrics/Bennett/Vois-sur-ton-chemin-Techno-Mix/edit?utm_source=application&utm_campaign=api&utm_medium=Demirro%3A1409621126359,0,2023-08-08T20:49:34Z,"[{'music_genre': {'music_genre_id': 1050, 'music_genre_parent_id': 17, 'music_genre_name': 'Techno', 'music_genre_name_extended': 'Dance / Techno', 'music_genre_vanity': 'Dance-Techno'}}]"
2,272421778,Whatever,[],98,169579542,0,1,1,1,1,1,61126904,Whatever,58560003,Kygo feat. Ava Max,https://www.musixmatch.com/lyrics/Kygo-Ava-Max/Whatever?utm_source=application&utm_campaign=api&utm_medium=Demirro%3A1409621126359,https://www.musixmatch.com/lyrics/Kygo-Ava-Max/Whatever/edit?utm_source=application&utm_campaign=api&utm_medium=Demirro%3A1409621126359,0,2024-01-21T00:27:26Z,[]
3,263857808,Overdrive (feat. Norma Jean Martine),[],78,164103737,0,0,1,1,1,7,59258216,Overdrive (feat. Norma Jean Martine) - Single,57346700,Ofenbach feat. Norma Jean Martine,https://www.musixmatch.com/lyrics/Ofenbach-Norma-Jean-Martine/Overdrive-Norma-Jean-Martine?utm_source=application&utm_campaign=api&utm_medium=Demirro%3A1409621126359,https://www.musixmatch.com/lyrics/Ofenbach-Norma-Jean-Martine/Overdrive-Norma-Jean-Martine/edit?utm_source=application&utm_campaign=api&utm_medium=Demirro%3A1409621126359,0,2023-11-05T21:35:43Z,"[{'music_genre': {'music_genre_id': 7, 'music_genre_parent_id': 34, 'music_genre_name': 'Electronic', 'music_genre_name_extended': 'Electronic', 'music_genre_vanity': 'Electronic'}}]"
4,265259301,Houdini,"[{'track_name_translation': {'language': 'u0', 'translation': 'Houdini'}}]",99,165469607,0,0,1,1,1,72,59440698,Houdini,33491593,Dua Lipa,https://www.musixmatch.com/lyrics/Dua-Lipa/Houdini?utm_source=application&utm_campaign=api&utm_medium=Demirro%3A1409621126359,https://www.musixmatch.com/lyrics/Dua-Lipa/Houdini/edit?utm_source=application&utm_campaign=api&utm_medium=Demirro%3A1409621126359,0,2023-11-15T07:59:25Z,"[{'music_genre': {'music_genre_id': 14, 'music_genre_parent_id': 34, 'music_genre_name': 'Pop', 'music_genre_name_extended': 'Pop', 'music_genre_vanity': 'Pop'}}]"
5,253266374,Komet,[],83,157288300,0,0,1,1,1,33,56347339,Komet,55904597,Udo Lindenberg feat. Apache 207,https://www.musixmatch.com/lyrics/Udo-Lindenberg-Apache-207/Komet?utm_source=application&utm_campaign=api&utm_medium=Demirro%3A1409621126359,https://www.musixmatch.com/lyrics/Udo-Lindenberg-Apache-207/Komet/edit?utm_source=application&utm_campaign=api&utm_medium=Demirro%3A1409621126359,0,2023-08-11T02:13:41Z,"[{'music_genre': {'music_genre_id': 14, 'music_genre_parent_id': 34, 'music_genre_name': 'Pop', 'music_genre_name_extended': 'Pop', 'music_genre_vanity': 'Pop'}}]"
6,258292930,Lose Control,[],99,160490732,0,0,1,1,1,98,57454642,I've Tried Everything But Therapy (Part 1),38425803,Teddy Swims,https://www.musixmatch.com/lyrics/Teddy-Swims/Lose-Control?utm_source=application&utm_campaign=api&utm_medium=Demirro%3A1409621126359,https://www.musixmatch.com/lyrics/Teddy-Swims/Lose-Control/edit?utm_source=application&utm_campaign=api&utm_medium=Demirro%3A1409621126359,0,2023-08-09T14:50:27Z,"[{'music_genre': {'music_genre_id': 14, 'music_genre_parent_id': 34, 'music_genre_name': 'Pop', 'music_genre_name_extended': 'Pop', 'music_genre_vanity': 'Pop'}}]"
7,272421794,One By One (feat. Oaks),[],89,169579551,0,0,1,1,0,0,61126911,One By One (feat. Oaks),58560007,Robin Schulz feat. Topic & Oaks,https://www.musixmatch.com/lyrics/Robin-Schulz-Topic-Oaks/One-By-One-Oaks?utm_source=application&utm_campaign=api&utm_medium=Demirro%3A1409621126359,https://www.musixmatch.com/lyrics/Robin-Schulz-Topic-Oaks/One-By-One-Oaks/edit?utm_source=application&utm_campaign=api&utm_medium=Demirro%3A1409621126359,0,2024-01-21T22:32:47Z,[]
8,263060846,Dreaming,[],90,164286952,0,0,1,1,0,4,58960596,TRUSTFALL (Tour Deluxe Edition),6677,P!nk,https://www.musixmatch.com/lyrics/P-nk/Dreaming?utm_source=application&utm_campaign=api&utm_medium=Demirro%3A1409621126359,https://www.musixmatch.com/lyrics/P-nk/Dreaming/edit?utm_source=application&utm_campaign=api&utm_medium=Demirro%3A1409621126359,0,2023-12-01T23:11:42Z,"[{'music_genre': {'music_genre_id': 14, 'music_genre_parent_id': 34, 'music_genre_name': 'Pop', 'music_genre_name_extended': 'Pop', 'music_genre_vanity': 'Pop'}}]"
9,265274694,Lovin On Me,[],99,167440301,0,1,1,1,1,8,59442217,Lovin On Me,28830691,Jack Harlow,https://www.musixmatch.com/lyrics/Jack-Harlow/Lovin-On-Me-1?utm_source=application&utm_campaign=api&utm_medium=Demirro%3A1409621126359,https://www.musixmatch.com/lyrics/Jack-Harlow/Lovin-On-Me-1/edit?utm_source=application&utm_campaign=api&utm_medium=Demirro%3A1409621126359,0,2024-01-08T08:22:17Z,"[{'music_genre': {'music_genre_id': 18, 'music_genre_parent_id': 34, 'music_genre_name': 'Hip Hop/Rap', 'music_genre_name_extended': 'Hip-Hop/Rap', 'music_genre_vanity': 'Hip-Hop-Rap'}}]"
10,265238573,When We Were Young (The Logical Song),[],79,165464485,0,0,1,1,1,10,59439046,When We Were Young (The Logical Song),57665731,David Guetta feat. Kim Petras,https://www.musixmatch.com/lyrics/David-Guetta-Kim-Petras/When-We-Were-Young-The-Logical-Song?utm_source=application&utm_campaign=api&utm_medium=Demirro%3A1409621126359,https://www.musixmatch.com/lyrics/David-Guetta-Kim-Petras/When-We-Were-Young-The-Logical-Song/edit?utm_source=application&utm_campaign=api&utm_medium=Demirro%3A1409621126359,0,2023-11-10T00:23:45Z,"[{'music_genre': {'music_genre_id': 17, 'music_genre_parent_id': 34, 'music_genre_name': 'Dance', 'music_genre_name_extended': 'Dance', 'music_genre_vanity': 'Dance'}}]"
11,263034414,I'll Be There,[],79,164265486,0,0,1,1,0,9,58952137,I'll Be There - Single,57390395,Robin Schulz feat. Rita Ora & Tiago PZK,https://www.musixmatch.com/lyrics/Robin-Schulz-Rita-Ora-Tiago-PZK/I-ll-Be-There?utm_source=application&utm_campaign=api&utm_medium=Demirro%3A1409621126359,https://www.musixmatch.com/lyrics/Robin-Schulz-Rita-Ora-Tiago-PZK/I-ll-Be-There/edit?utm_source=application&utm_campaign=api&utm_medium=Demirro%3A1409621126359,0,2023-10-24T10:42:48Z,"[{'music_genre': {'music_genre_id': 17, 'music_genre_parent_id': 34, 'music_genre_name': 'Dance', 'music_genre_name_extended': 'Dance', 'music_genre_vanity': 'Dance'}}]"
12,266716937,Mess It Up (Purple Disco Machine Remix),[],80,165614754,0,0,1,1,0,2,59925359,Mess It Up (Purple Disco Machine Remix) - Single,383,The Rolling Stones,https://www.musixmatch.com/lyrics/The-Rolling-Stones-Purple-Disco-Machine/Mess-It-Up-Purple-Disco-Machine-Remix?utm_source=application&utm_campaign=api&utm_medium=Demirro%3A1409621126359,https://www.musixmatch.com/lyrics/The-Rolling-Stones-Purple-Disco-Machine/Mess-It-Up-Purple-Disco-Machine-Remix/edit?utm_source=application&utm_campaign=api&utm_medium=Demirro%3A1409621126359,0,2023-12-19T06:42:01Z,"[{'music_genre': {'music_genre_id': 21, 'music_genre_parent_id': 34, 'music_genre_name': 'Rock', 'music_genre_name_extended': 'Rock', 'music_genre_vanity': 'Rock'}}]"
13,263062707,Cynical,[],77,160580492,0,0,1,1,1,25,58961312,Cynical,56509954,twocolors feat. Safri Duo & Chris de Sarandy,https://www.musixmatch.com/lyrics/twocolors-Safri-Duo-Chris-de-Sarandy/Cynical?utm_source=application&utm_campaign=api&utm_medium=Demirro%3A1409621126359,https://www.musixmatch.com/lyrics/twocolors-Safri-Duo-Chris-de-Sarandy/Cynical/edit?utm_source=application&utm_campaign=api&utm_medium=Demirro%3A1409621126359,0,2023-07-03T08:26:03Z,"[{'music_genre': {'music_genre_id': 17, 'music_genre_parent_id': 34, 'music_genre_name': 'Dance', 'music_genre_name_extended': 'Dance', 'music_genre_vanity': 'Dance'}}]"
14,133470754,Oh L'Amour,[],78,76337,0,0,1,1,1,192,26681370,Hits! The Very Best Of Erasure,171,Erasure,https://www.musixmatch.com/lyrics/Erasure/Oh-L-Amour?utm_source=application&utm_campaign=api&utm_medium=Demirro%3A1409621126359,https://www.musixmatch.com/lyrics/Erasure/Oh-L-Amour/edit?utm_source=application&utm_campaign=api&utm_medium=Demirro%3A1409621126359,0,2023-09-19T02:06:00Z,"[{'music_genre': {'music_genre_id': 14, 'music_genre_parent_id': 34, 'music_genre_name': 'Pop', 'music_genre_name_extended': 'Pop', 'music_genre_vanity': 'Pop'}}]"
15,260357378,Prada,[],98,161625303,0,1,1,1,1,7,57959046,Prada - Single,56719151,cassö feat. RAYE & D-Block Europe,https://www.musixmatch.com/lyrics/cass%C3%B6-RAYE-D-Block-Europe/Prada?utm_source=application&utm_campaign=api&utm_medium=Demirro%3A1409621126359,https://www.musixmatch.com/lyrics/cass%C3%B6-RAYE-D-Block-Europe/Prada/edit?utm_source=application&utm_campaign=api&utm_medium=Demirro%3A1409621126359,0,2023-09-07T15:09:43Z,"[{'music_genre': {'music_genre_id': 17, 'music_genre_parent_id': 34, 'music_genre_name': 'Dance', 'music_genre_name_extended': 'Dance', 'music_genre_vanity': 'Dance'}}]"
16,271094307,"Du, Du, Du",[],11,168704558,0,0,1,1,0,0,60756023,Alles in Balance - Leise,50056842,Beatrice Egli,https://www.musixmatch.com/lyrics/Beatrice-Egli-2/Du-Du-Du?utm_source=application&utm_campaign=api&utm_medium=Demirro%3A1409621126359,https://www.musixmatch.com/lyrics/Beatrice-Egli-2/Du-Du-Du/edit?utm_source=application&utm_campaign=api&utm_medium=Demirro%3A1409621126359,0,2024-01-05T10:36:12Z,"[{'music_genre': {'music_genre_id': 50000066, 'music_genre_parent_id': 34, 'music_genre_name': 'German Pop', 'music_genre_name_extended': 'German Pop', 'music_genre_vanity': 'German-Pop'}}]"
17,272502668,Dance You Outta My Head,[],97,169594160,0,1,1,1,0,0,61131937,Dance You Outta My Head - Single,28072712,Cat Janice,https://www.musixmatch.com/lyrics/Cat-Janice/Dance-You-Outta-My-Head?utm_source=application&utm_campaign=api&utm_medium=Demirro%3A1409621126359,https://www.musixmatch.com/lyrics/Cat-Janice/Dance-You-Outta-My-Head/edit?utm_source=application&utm_campaign=api&utm_medium=Demirro%3A1409621126359,0,2024-01-19T21:05:55Z,"[{'music_genre': {'music_genre_id': 17, 'music_genre_parent_id': 34, 'music_genre_name': 'Dance', 'music_genre_name_extended': 'Dance', 'music_genre_vanity': 'Dance'}}]"
18,260294915,Strangers,[],98,161862770,0,0,1,1,1,92,57939715,Strangers,40089557,Kenya Grace,https://www.musixmatch.com/lyrics/Kenya-Grace/Strangers?utm_source=application&utm_campaign=api&utm_medium=Demirro%3A1409621126359,https://www.musixmatch.com/lyrics/Kenya-Grace/Strangers/edit?utm_source=application&utm_campaign=api&utm_medium=Demirro%3A1409621126359,0,2023-09-15T12:22:58Z,"[{'music_genre': {'music_genre_id': 17, 'music_genre_parent_id': 34, 'music_genre_name': 'Dance', 'music_genre_name_extended': 'Dance', 'music_genre_vanity': 'Dance'}}]"
19,271425994,Waking Up,[],77,168838697,0,0,1,1,0,0,60792567,Waking Up,58384311,Felix Jaehn feat. Leony,https://www.musixmatch.com/lyrics/Felix-Jaehn-Leony/Waking-Up?utm_source=application&utm_campaign=api&utm_medium=Demirro%3A1409621126359,https://www.musixmatch.com/lyrics/Felix-Jaehn-Leony/Waking-Up/edit?utm_source=application&utm_campaign=api&utm_medium=Demirro%3A1409621126359,0,2024-01-11T23:29:12Z,[]
20,271431839,Love Hurt Repeat (feat. Mae Muller),[],17,168839883,0,0,1,1,0,0,60793155,Love Hurt Repeat (feat. Mae Muller),58384739,Alle Farben feat. Lewis Thompson & Mae Muller,https://www.musixmatch.com/lyrics/Alle-Farben-Lewis-Thompson-Mae-Muller/Love-Hurt-Repeat-Mae-Muller?utm_source=application&utm_campaign=api&utm_medium=Demirro%3A1409621126359,https://www.musixmatch.com/lyrics/Alle-Farben-Lewis-Thompson-Mae-Muller/Love-Hurt-Repeat-Mae-Muller/edit?utm_source=application&utm_campaign=api&utm_medium=Demirro%3A1409621126359,0,2024-01-14T01:16:11Z,[]
21,271498692,Alte Liebe rostet nie,[],9,168891353,0,0,1,1,0,0,60813505,Alte Liebe rostet nie - Single,55359141,Kerstin Ott,https://www.musixmatch.com/lyrics/Kerstin-Ott-3/Alte-Liebe-rostet-nie?utm_source=application&utm_campaign=api&utm_medium=Demirro%3A1409621126359,https://www.musixmatch.com/lyrics/Kerstin-Ott-3/Alte-Liebe-rostet-nie/edit?utm_source=application&utm_campaign=api&utm_medium=Demirro%3A1409621126359,0,2024-01-22T10:01:39Z,"[{'music_genre': {'music_genre_id': 50000066, 'music_genre_parent_id': 34, 'music_genre_name': 'German Pop', 'music_genre_name_extended': 'German Pop', 'music_genre_vanity': 'German-Pop'}}]"
22,272270005,"yes, and?",[],99,168941835,0,1,1,1,1,33,61119217,"yes, and? - Single",13958599,Ariana Grande,https://www.musixmatch.com/lyrics/Ariana-Grande/yes-and?utm_source=application&utm_campaign=api&utm_medium=Demirro%3A1409621126359,https://www.musixmatch.com/lyrics/Ariana-Grande/yes-and/edit?utm_source=application&utm_campaign=api&utm_medium=Demirro%3A1409621126359,0,2024-01-17T01:19:46Z,"[{'music_genre': {'music_genre_id': 14, 'music_genre_parent_id': 34, 'music_genre_name': 'Pop', 'music_genre_name_extended': 'Pop', 'music_genre_vanity': 'Pop'}}]"
23,265354193,Mwaki,[],77,165238416,0,0,1,1,0,7,59449678,Mwaki - Single,57671927,Zerb feat. Sofiya Nzau,https://www.musixmatch.com/lyrics/ZERB-2/Mwaki?utm_source=application&utm_campaign=api&utm_medium=Demirro%3A1409621126359,https://www.musixmatch.com/lyrics/ZERB-2/Mwaki/edit?utm_source=application&utm_campaign=api&utm_medium=Demirro%3A1409621126359,0,2023-12-29T05:26:52Z,"[{'music_genre': {'music_genre_id': 17, 'music_genre_parent_id': 34, 'music_genre_name': 'Dance', 'music_genre_name_extended': 'Dance', 'music_genre_vanity': 'Dance'}}]"
24,40179830,Gute Freunde kann niemand trennen,[],50,8067012,0,0,1,1,0,0,15907104,Hits für den 12. Mann: Die größten Fußball Kult-Klassiker,185700,Franz Beckenbauer,https://www.musixmatch.com/lyrics/Franz-Beckenbauer/Gute-Freunde-kann-niemand-trennen?utm_source=application&utm_campaign=api&utm_medium=Demirro%3A1409621126359,https://www.musixmatch.com/lyrics/Franz-Beckenbauer/Gute-Freunde-kann-niemand-trennen/edit?utm_source=application&utm_campaign=api&utm_medium=Demirro%3A1409621126359,0,2020-11-25T16:11:46Z,"[{'music_genre': {'music_genre_id': 14, 'music_genre_parent_id': 34, 'music_genre_name': 'Pop', 'music_genre_name_extended': 'Pop', 'music_genre_vanity': 'Pop'}}, {'music_genre': {'music_genre_id': 50000066, 'music_genre_parent_id': 34, 'music_genre_name': 'German Pop', 'music_genre_name_extended': 'German Pop', 'music_genre_vanity': 'German-Pop'}}]"
25,262578120,greedy,[],99,162190718,0,1,1,1,1,146,58774294,greedy - Single,33409042,Tate McRae,https://www.musixmatch.com/lyrics/Tate-McRae/greedy?utm_source=application&utm_campaign=api&utm_medium=Demirro%3A1409621126359,https://www.musixmatch.com/lyrics/Tate-McRae/greedy/edit?utm_source=application&utm_campaign=api&utm_medium=Demirro%3A1409621126359,0,2024-01-07T06:20:42Z,"[{'music_genre': {'music_genre_id': 20, 'music_genre_parent_id': 34, 'music_genre_name': 'Alternative', 'music_genre_name_extended': 'Alternative', 'music_genre_vanity': 'Alternative'}}]"
26,272452285,Alors On Danse,[],13,169583653,0,1,1,1,0,0,61128418,Alors On Danse,165112,Revolverheld,https://www.musixmatch.com/lyrics/Revolverheld/Alors-On-Danse?utm_source=application&utm_campaign=api&utm_medium=Demirro%3A1409621126359,https://www.musixmatch.com/lyrics/Revolverheld/Alors-On-Danse/edit?utm_source=application&utm_campaign=api&utm_medium=Demirro%3A1409621126359,0,2024-01-21T22:49:44Z,[]
27,265238709,The Feeling,[],77,160201300,0,0,1,1,1,12,59439069,All Stand Together,40492899,Lost Frequencies,https://www.musixmatch.com/lyrics/Lost-Frequencies-1/The-Feeling?utm_source=application&utm_campaign=api&utm_medium=Demirro%3A1409621126359,https://www.musixmatch.com/lyrics/Lost-Frequencies-1/The-Feeling/edit?utm_source=application&utm_campaign=api&utm_medium=Demirro%3A1409621126359,0,2023-07-22T06:59:27Z,"[{'music_genre': {'music_genre_id': 17, 'music_genre_parent_id': 34, 'music_genre_name': 'Dance', 'music_genre_name_extended': 'Dance', 'music_genre_vanity': 'Dance'}}]"
28,260316042,Paint The Town Red,[],98,161555631,0,1,1,1,1,168,57945605,Paint The Town Red - Single,27684481,Doja Cat,https://www.musixmatch.com/lyrics/Doja-Cat/Paint-The-Town-Red?utm_source=application&utm_campaign=api&utm_medium=Demirro%3A1409621126359,https://www.musixmatch.com/lyrics/Doja-Cat/Paint-The-Town-Red/edit?utm_source=application&utm_campaign=api&utm_medium=Demirro%3A1409621126359,0,2023-09-25T14:58:54Z,"[{'music_genre': {'music_genre_id': 14, 'music_genre_parent_id': 34, 'music_genre_name': 'Pop', 'music_genre_name_extended': 'Pop', 'music_genre_vanity': 'Pop'}}]"
29,260205431,Flowers,"[{'track_name_translation': {'language': 'u0', 'translation': 'Flowers'}}]",99,157191703,0,0,1,1,1,1198,56693514,Endless Summer Vacation,224210,Miley Cyrus,https://www.musixmatch.com/lyrics/Miley-Cyrus/Flowers?utm_source=application&utm_campaign=api&utm_medium=Demirro%3A1409621126359,https://www.musixmatch.com/lyrics/Miley-Cyrus/Flowers/edit?utm_source=application&utm_campaign=api&utm_medium=Demirro%3A1409621126359,0,2023-12-01T10:04:31Z,"[{'music_genre': {'music_genre_id': 14, 'music_genre_parent_id': 34, 'music_genre_name': 'Pop', 'music_genre_name_extended': 'Pop', 'music_genre_vanity': 'Pop'}}]"
30,73484473,Danger,[],98,40259620,0,0,1,1,1,11335,19652403,DARK&WILD,56715469,BTS,https://www.musixmatch.com/lyrics/BTS-16/danger?utm_source=application&utm_campaign=api&utm_medium=Demirro%3A1409621126359,https://www.musixmatch.com/lyrics/BTS-16/danger/edit?utm_source=application&utm_campaign=api&utm_medium=Demirro%3A1409621126359,0,2023-08-08T15:55:18Z,"[{'music_genre': {'music_genre_id': 1686, 'music_genre_parent_id': 1614, 'music_genre_name': 'K-Pop', 'music_genre_name_extended': 'Pop / K-Pop', 'music_genre_vanity': 'Pop-K-Pop'}}]"
31,272421728,One Eyed Bastard,"[{'track_name_translation': {'language': 'u0', 'translation': 'One Eyed Bastard'}}]",96,168700897,0,1,1,1,1,2,59341129,Saviors,290,Green Day,https://www.musixmatch.com/lyrics/Green-Day/One-Eyed-Bastard?utm_source=application&utm_campaign=api&utm_medium=Demirro%3A1409621126359,https://www.musixmatch.com/lyrics/Green-Day/One-Eyed-Bastard/edit?utm_source=application&utm_campaign=api&utm_medium=Demirro%3A1409621126359,0,2024-01-06T14:14:12Z,"[{'music_genre': {'music_genre_id': 20, 'music_genre_parent_id': 34, 'music_genre_name': 'Alternative', 'music_genre_name_extended': 'Alternative', 'music_genre_vanity': 'Alternative'}}]"
32,254838106,Substitution,[],61,158241636,0,0,1,1,1,29,56772253,Substitution - Single,56134421,Purple Disco Machine feat. Kungs,https://www.musixmatch.com/lyrics/Purple-Disco-Machine-Kungs/Substitution?utm_source=application&utm_campaign=api&utm_medium=Demirro%3A1409621126359,https://www.musixmatch.com/lyrics/Purple-Disco-Machine-Kungs/Substitution/edit?utm_source=application&utm_campaign=api&utm_medium=Demirro%3A1409621126359,0,2023-03-31T04:24:50Z,"[{'music_genre': {'music_genre_id': 17, 'music_genre_parent_id': 34, 'music_genre_name': 'Dance', 'music_genre_name_extended': 'Dance', 'music_genre_vanity': 'Dance'}}]"
33,260573551,Gimme Love,[],81,162078413,0,0,1,1,1,29,58009980,Gimme Love,55664550,Sia,https://www.musixmatch.com/lyrics/Sia/Gimme-Love?utm_source=application&utm_campaign=api&utm_medium=Demirro%3A1409621126359,https://www.musixmatch.com/lyrics/Sia/Gimme-Love/edit?utm_source=application&utm_campaign=api&utm_medium=Demirro%3A1409621126359,0,2023-09-17T17:10:07Z,"[{'music_genre': {'music_genre_id': 14, 'music_genre_parent_id': 34, 'music_genre_name': 'Pop', 'music_genre_name_extended': 'Pop', 'music_genre_vanity': 'Pop'}}]"
34,93194793,Murder On the Dancefloor,[],99,1540946,0,1,1,1,1,702,21474245,Read My Lips,13066,Sophie Ellis-Bextor,https://www.musixmatch.com/lyrics/Sophie-Ellis-Bextor/Murder-on-the-Dancefloor?utm_source=application&utm_campaign=api&utm_medium=Demirro%3A1409621126359,https://www.musixmatch.com/lyrics/Sophie-Ellis-Bextor/Murder-on-the-Dancefloor/edit?utm_source=application&utm_campaign=api&utm_medium=Demirro%3A1409621126359,0,2023-06-09T12:09:03Z,"[{'music_genre': {'music_genre_id': 14, 'music_genre_parent_id': 34, 'music_genre_name': 'Pop', 'music_genre_name_extended': 'Pop', 'music_genre_vanity': 'Pop'}}]"
35,272452143,Naiv,[],6,169583591,0,0,1,1,0,0,61128369,Naiv,44051630,Marie Reim,https://www.musixmatch.com/lyrics/Marie-Reim/Naiv?utm_source=application&utm_campaign=api&utm_medium=Demirro%3A1409621126359,https://www.musixmatch.com/lyrics/Marie-Reim/Naiv/edit?utm_source=application&utm_campaign=api&utm_medium=Demirro%3A1409621126359,0,2024-01-20T22:07:15Z,[]
36,272451645,Beautiful Things,[],99,169583464,0,0,1,1,1,3,61128291,Beautiful Things - Single,51203092,Benson Boone,https://www.musixmatch.com/lyrics/Benson-Boone/Beautiful-Things?utm_source=application&utm_campaign=api&utm_medium=Demirro%3A1409621126359,https://www.musixmatch.com/lyrics/Benson-Boone/Beautiful-Things/edit?utm_source=application&utm_campaign=api&utm_medium=Demirro%3A1409621126359,0,2024-01-19T17:07:32Z,"[{'music_genre': {'music_genre_id': 14, 'music_genre_parent_id': 34, 'music_genre_name': 'Pop', 'music_genre_name_extended': 'Pop', 'music_genre_vanity': 'Pop'}}]"
37,261289852,Tausende mehr,[],11,162698002,0,0,1,1,0,0,58251470,Gegengewicht,45629880,Florian Künstler,https://www.musixmatch.com/lyrics/Florian-K%C3%BCnstler/Tausende-mehr?utm_source=application&utm_campaign=api&utm_medium=Demirro%3A1409621126359,https://www.musixmatch.com/lyrics/Florian-K%C3%BCnstler/Tausende-mehr/edit?utm_source=application&utm_campaign=api&utm_medium=Demirro%3A1409621126359,0,2023-11-02T18:35:42Z,"[{'music_genre': {'music_genre_id': 14, 'music_genre_parent_id': 34, 'music_genre_name': 'Pop', 'music_genre_name_extended': 'Pop', 'music_genre_vanity': 'Pop'}}]"
38,268604186,Always Remember Us This Way,[],76,167426108,0,0,1,1,0,0,60252167,Always Remember Us This Way - Single,58095366,DJ Tons,https://www.musixmatch.com/lyrics/DJ-Tons-1/Always-Remember-Us-This-Way?utm_source=application&utm_campaign=api&utm_medium=Demirro%3A1409621126359,https://www.musixmatch.com/lyrics/DJ-Tons-1/Always-Remember-Us-This-Way/edit?utm_source=application&utm_campaign=api&utm_medium=Demirro%3A1409621126359,0,2023-12-12T15:09:18Z,"[{'music_genre': {'music_genre_id': 14, 'music_genre_parent_id': 34, 'music_genre_name': 'Pop', 'music_genre_name_extended': 'Pop', 'music_genre_vanity': 'Pop'}}]"
39,267729945,Thank You (Not So Bad),[],78,167175516,0,0,1,1,0,4,60192434,Thank You (Not So Bad) - Single,58062958,"Dimitri Vegas & Like Mike feat. Tiësto, Dido, W&W, Dimitri Vegas & Like Mike",https://www.musixmatch.com/lyrics/Dimitri-Vegas-Like-Mike-Ti%C3%ABsto-Dido-W-W-Dimitri-Vegas-Like-Mike/Thank-You-Not-So-Bad?utm_source=application&utm_campaign=api&utm_medium=Demirro%3A1409621126359,https://www.musixmatch.com/lyrics/Dimitri-Vegas-Like-Mike-Ti%C3%ABsto-Dido-W-W-Dimitri-Vegas-Like-Mike/Thank-You-Not-So-Bad/edit?utm_source=application&utm_campaign=api&utm_medium=Demirro%3A1409621126359,0,2023-11-30T17:25:54Z,"[{'music_genre': {'music_genre_id': 17, 'music_genre_parent_id': 34, 'music_genre_name': 'Dance', 'music_genre_name_extended': 'Dance', 'music_genre_vanity': 'Dance'}}]"
40,260202877,Hässlich,[],77,161800933,0,0,1,1,0,12,57915206,Schwarzes Herz,48337699,AYLIVA,https://www.musixmatch.com/lyrics/AYLIVA/H%C3%A4sslich?utm_source=application&utm_campaign=api&utm_medium=Demirro%3A1409621126359,https://www.musixmatch.com/lyrics/AYLIVA/H%C3%A4sslich/edit?utm_source=application&utm_campaign=api&utm_medium=Demirro%3A1409621126359,0,2023-11-01T22:32:59Z,"[{'music_genre': {'music_genre_id': 18, 'music_genre_parent_id': 34, 'music_genre_name': 'Hip Hop/Rap', 'music_genre_name_extended': 'Hip-Hop/Rap', 'music_genre_vanity': 'Hip-Hop-Rap'}}]"
41,271405977,Can't Get Enough,[],78,168835177,0,1,1,1,0,2,60791164,This Is Me...Now,33491975,Jennifer Lopez,https://www.musixmatch.com/lyrics/Jennifer-Lopez/Can-t-Get-Enough?utm_source=application&utm_campaign=api&utm_medium=Demirro%3A1409621126359,https://www.musixmatch.com/lyrics/Jennifer-Lopez/Can-t-Get-Enough/edit?utm_source=application&utm_campaign=api&utm_medium=Demirro%3A1409621126359,0,2024-01-17T09:06:45Z,"[{'music_genre': {'music_genre_id': 14, 'music_genre_parent_id': 34, 'music_genre_name': 'Pop', 'music_genre_name_extended': 'Pop', 'music_genre_vanity': 'Pop'}}]"
42,117049328,Con te partirò,[],27,64892741,0,1,1,1,0,0,24219186,Dolce Vita,33240031,Jonas Kaufmann feat. Orchestra del Teatro Massimo di Palermo & Asher Fisch,https://www.musixmatch.com/lyrics/Jonas-Kaufmann-feat-Orchestra-del-Teatro-Massimo-di-Palermo-Asher-Fisch/Con-te-partir%C3%B2-2?utm_source=application&utm_campaign=api&utm_medium=Demirro%3A1409621126359,https://www.musixmatch.com/lyrics/Jonas-Kaufmann-feat-Orchestra-del-Teatro-Massimo-di-Palermo-Asher-Fisch/Con-te-partir%C3%B2-2/edit?utm_source=application&utm_campaign=api&utm_medium=Demirro%3A1409621126359,0,2024-01-22T08:19:36Z,"[{'music_genre': {'music_genre_id': 5, 'music_genre_parent_id': 34, 'music_genre_name': 'Classical', 'music_genre_name_extended': 'Classical', 'music_genre_vanity': 'Classical'}}]"
43,253292113,ALL IN (Lieblingslieder),[],52,157302440,0,0,1,1,0,0,56353772,ALL IN (Lieblingslieder),26787521,Fäaschtbänkler,https://www.musixmatch.com/lyrics/F%C3%A4aschtb%C3%A4nkler/ALL-IN-Lieblingslieder?utm_source=application&utm_campaign=api&utm_medium=Demirro%3A1409621126359,https://www.musixmatch.com/lyrics/F%C3%A4aschtb%C3%A4nkler/ALL-IN-Lieblingslieder/edit?utm_source=application&utm_campaign=api&utm_medium=Demirro%3A1409621126359,0,2023-05-19T07:37:56Z,"[{'music_genre': {'music_genre_id': 14, 'music_genre_parent_id': 34, 'music_genre_name': 'Pop', 'music_genre_name_extended': 'Pop', 'music_genre_vanity': 'Pop'}}]"
44,165423184,Moin Moin Hamburg,[],50,92519664,0,0,1,1,0,0,31467209,Moin Moin Hamburg - Single,37762967,Die Hamburger Goldkehlchen,https://www.musixmatch.com/lyrics/Die-Hamburger-Goldkehlchen/Moin-Moin-Hamburg?utm_source=application&utm_campaign=api&utm_medium=Demirro%3A1409621126359,https://www.musixmatch.com/lyrics/Die-Hamburger-Goldkehlchen/Moin-Moin-Hamburg/edit?utm_source=application&utm_campaign=api&utm_medium=Demirro%3A1409621126359,0,2021-05-25T12:30:06Z,"[{'music_genre': {'music_genre_id': 14, 'music_genre_parent_id': 34, 'music_genre_name': 'Pop', 'music_genre_name_extended': 'Pop', 'music_genre_vanity': 'Pop'}}]"
45,102043608,Unstoppable,[],98,47319389,0,0,1,1,1,20540,22259637,This Is Acting,55664550,Sia,https://www.musixmatch.com/lyrics/55664550/47319389?utm_source=application&utm_campaign=api&utm_medium=Demirro%3A1409621126359,https://www.musixmatch.com/lyrics/55664550/47319389/edit?utm_source=application&utm_campaign=api&utm_medium=Demirro%3A1409621126359,0,2023-08-11T09:48:22Z,"[{'music_genre': {'music_genre_id': 14, 'music_genre_parent_id': 34, 'music_genre_name': 'Pop', 'music_genre_name_extended': 'Pop', 'music_genre_vanity': 'Pop'}}]"
46,30413216,Happy Birthday,[],82,5774,0,0,1,1,1,369,13779856,Hotter Than July,22,Stevie Wonder,https://www.musixmatch.com/lyrics/Stevie-Wonder/Happy-Birthday?utm_source=application&utm_campaign=api&utm_medium=Demirro%3A1409621126359,https://www.musixmatch.com/lyrics/Stevie-Wonder/Happy-Birthday/edit?utm_source=application&utm_campaign=api&utm_medium=Demirro%3A1409621126359,0,2021-07-01T21:37:58Z,"[{'music_genre': {'music_genre_id': 15, 'music_genre_parent_id': 34, 'music_genre_name': 'R&B/Soul', 'music_genre_name_extended': 'R&B/Soul', 'music_genre_vanity': 'R-B-Soul'}}]"
47,35084921,Sarà Perché Ti Amo,[],83,1774051,0,0,1,1,1,247,15581140,Nur das Beste: Ricchi e Poveri,16582,Ricchi E Poveri,https://www.musixmatch.com/lyrics/Ricchi-E-Poveri/Sar%C3%A0-perch%C3%A9-ti-amo?utm_source=application&utm_campaign=api&utm_medium=Demirro%3A1409621126359,https://www.musixmatch.com/lyrics/Ricchi-E-Poveri/Sar%C3%A0-perch%C3%A9-ti-amo/edit?utm_source=application&utm_campaign=api&utm_medium=Demirro%3A1409621126359,0,2022-11-25T09:31:31Z,"[{'music_genre': {'music_genre_id': 14, 'music_genre_parent_id': 34, 'music_genre_name': 'Pop', 'music_genre_name_extended': 'Pop', 'music_genre_vanity': 'Pop'}}]"
48,268416067,3 Haselnüsse,[],74,167381214,1,0,0,0,0,0,60241343,3 Haselnüsse - Single,58087871,Jaques Raupé feat. Felix Harrer,https://www.musixmatch.com/lyrics/Jaques-Raup%C3%A9-Felix-Harrer/3-Haseln%C3%BCsse?utm_source=application&utm_campaign=api&utm_medium=Demirro%3A1409621126359,https://www.musixmatch.com/lyrics/Jaques-Raup%C3%A9-Felix-Harrer/3-Haseln%C3%BCsse/edit?utm_source=application&utm_campaign=api&utm_medium=Demirro%3A1409621126359,0,2023-12-07T13:38:18Z,"[{'music_genre': {'music_genre_id': 17, 'music_genre_parent_id': 34, 'music_genre_name': 'Dance', 'music_genre_name_extended': 'Dance', 'music_genre_vanity': 'Dance'}}]"
49,251032699,Mangos mit Chili,[],61,157688756,0,0,1,1,1,11,55890871,Glas,36956146,Nina Chuba,https://www.musixmatch.com/lyrics/Nina-Chuba/Mangos-mit-Chili?utm_source=application&utm_campaign=api&utm_medium=Demirro%3A1409621126359,https://www.musixmatch.com/lyrics/Nina-Chuba/Mangos-mit-Chili/edit?utm_source=application&utm_campaign=api&utm_medium=Demirro%3A1409621126359,0,2023-02-10T22:21:55Z,"[{'music_genre': {'music_genre_id': 18, 'music_genre_parent_id': 34, 'music_genre_name': 'Hip Hop/Rap', 'music_genre_name_extended': 'Hip-Hop/Rap', 'music_genre_vanity': 'Hip-Hop-Rap'}}]"
50,263052478,"Du (Was ich will, bist du)",[],74,164275971,0,0,1,1,0,0,58957986,"Du (Was ich will, bist du) - Single",11646,DJ Ötzi,https://www.musixmatch.com/lyrics/DJ-6/Du-Was-ich-will-bist-du?utm_source=application&utm_campaign=api&utm_medium=Demirro%3A1409621126359,https://www.musixmatch.com/lyrics/DJ-6/Du-Was-ich-will-bist-du/edit?utm_source=application&utm_campaign=api&utm_medium=Demirro%3A1409621126359,0,2023-10-31T15:43:44Z,"[{'music_genre': {'music_genre_id': 50000066, 'music_genre_parent_id': 34, 'music_genre_name': 'German Pop', 'music_genre_name_extended': 'German Pop', 'music_genre_vanity': 'German-Pop'}}]"
51,259322662,Daylight,[],94,158550139,0,0,1,1,1,292,57635346,Daylight - Single,46336610,David Kushner,https://www.musixmatch.com/lyrics/David-Kushner-1/Daylight?utm_source=application&utm_campaign=api&utm_medium=Demirro%3A1409621126359,https://www.musixmatch.com/lyrics/David-Kushner-1/Daylight/edit?utm_source=application&utm_campaign=api&utm_medium=Demirro%3A1409621126359,0,2023-11-16T04:14:20Z,"[{'music_genre': {'music_genre_id': 100015, 'music_genre_parent_id': 7, 'music_genre_name': 'Bass', 'music_genre_name_extended': 'Electronic / Bass', 'music_genre_vanity': 'Electronic-Bass'}}]"
52,259989974,Voilà,[],88,161634513,0,1,1,1,1,19,57847453,Voilà - Single,56722221,André Rieu feat. Johann Strauss Orchestra & Emma Kok,https://www.musixmatch.com/lyrics/Andr%C3%A9-Rieu-Johann-Strauss-Orchestra-Emma-Kok/Voil%C3%A0?utm_source=application&utm_campaign=api&utm_medium=Demirro%3A1409621126359,https://www.musixmatch.com/lyrics/Andr%C3%A9-Rieu-Johann-Strauss-Orchestra-Emma-Kok/Voil%C3%A0/edit?utm_source=application&utm_campaign=api&utm_medium=Demirro%3A1409621126359,0,2023-10-10T21:34:19Z,"[{'music_genre': {'music_genre_id': 5, 'music_genre_parent_id': 34, 'music_genre_name': 'Classical', 'music_genre_name_extended': 'Classical', 'music_genre_vanity': 'Classical'}}]"
53,270012558,Jemand,[],74,168367442,0,0,1,1,0,1,60662221,Jemand,58305048,Joel Brandenstein feat. Sarah Engels,https://www.musixmatch.com/lyrics/Joel-Brandenstein-Sarah-Engels/Jemand?utm_source=application&utm_campaign=api&utm_medium=Demirro%3A1409621126359,https://www.musixmatch.com/lyrics/Joel-Brandenstein-Sarah-Engels/Jemand/edit?utm_source=application&utm_campaign=api&utm_medium=Demirro%3A1409621126359,0,2023-12-24T02:49:21Z,[]
54,268428417,Yo Phone Linging - Your Phone Is Lingin Remix,[],89,167387028,0,0,1,1,0,0,60241831,Yo Phone Linging (Your Phone Is Lingin Remix) - Single,58088299,Lee Chang''s Funny Remix,https://www.musixmatch.com/lyrics/Lee-Chang-s-Funny-Remix/Yo-Phone-Linging-Your-Phone-Is-Lingin-Remix?utm_source=application&utm_campaign=api&utm_medium=Demirro%3A1409621126359,https://www.musixmatch.com/lyrics/Lee-Chang-s-Funny-Remix/Yo-Phone-Linging-Your-Phone-Is-Lingin-Remix/edit?utm_source=application&utm_campaign=api&utm_medium=Demirro%3A1409621126359,0,2023-12-09T00:56:52Z,"[{'music_genre': {'music_genre_id': 50000061, 'music_genre_parent_id': 34, 'music_genre_name': 'Spoken Word', 'music_genre_name_extended': 'Spoken Word', 'music_genre_vanity': 'Spoken-Word'}}]"
55,261455874,Prada (Extended),[],76,161828443,0,1,1,1,0,1,58323744,Prada (Extended) - Single,56731252,"cassö, RAYE & D-Block Europe",https://www.musixmatch.com/lyrics/cass%C3%B6-RAYE-D-Block-Europe/Prada-Extended?utm_source=application&utm_campaign=api&utm_medium=Demirro%3A1409621126359,https://www.musixmatch.com/lyrics/cass%C3%B6-RAYE-D-Block-Europe/Prada-Extended/edit?utm_source=application&utm_campaign=api&utm_medium=Demirro%3A1409621126359,0,2023-12-24T05:50:33Z,"[{'music_genre': {'music_genre_id': 17, 'music_genre_parent_id': 34, 'music_genre_name': 'Dance', 'music_genre_name_extended': 'Dance', 'music_genre_vanity': 'Dance'}}]"
56,265609628,LET'S GET FKD UP,[],79,165614717,0,1,1,1,0,0,59492078,LET'S GET FKD UP (feat. Tribbs) - Single,57691258,"Alok feat. Mondello'G, CERES & Tribbs",https://www.musixmatch.com/lyrics/Alok-Mondello-G-CERES-Tribbs/LET-S-GET-FKD-UP?utm_source=application&utm_campaign=api&utm_medium=Demirro%3A1409621126359,https://www.musixmatch.com/lyrics/Alok-Mondello-G-CERES-Tribbs/LET-S-GET-FKD-UP/edit?utm_source=application&utm_campaign=api&utm_medium=Demirro%3A1409621126359,0,2023-12-12T12:05:58Z,"[{'music_genre': {'music_genre_id': 17, 'music_genre_parent_id': 34, 'music_genre_name': 'Dance', 'music_genre_name_extended': 'Dance', 'music_genre_vanity': 'Dance'}}]"
57,264415595,Celebration,[],15,165218982,0,0,1,1,0,0,59371903,Celebration - Single,90646,Culcha Candela,https://www.musixmatch.com/lyrics/Culcha-Candela/Celebration?utm_source=application&utm_campaign=api&utm_medium=Demirro%3A1409621126359,https://www.musixmatch.com/lyrics/Culcha-Candela/Celebration/edit?utm_source=application&utm_campaign=api&utm_medium=Demirro%3A1409621126359,0,2023-11-18T01:11:42Z,"[{'music_genre': {'music_genre_id': 14, 'music_genre_parent_id': 34, 'music_genre_name': 'Pop', 'music_genre_name_extended': 'Pop', 'music_genre_vanity': 'Pop'}}]"
58,271175970,Bling-Bang-Bang-Born,[],78,168753404,0,0,1,1,0,5,60764766,Bling-Bang-Bang-Born - Single,33952566,Creepy Nuts,https://www.musixmatch.com/lyrics/Creepy-Nuts/Bling-Bang-Bang-Born?utm_source=application&utm_campaign=api&utm_medium=Demirro%3A1409621126359,https://www.musixmatch.com/lyrics/Creepy-Nuts/Bling-Bang-Bang-Born/edit?utm_source=application&utm_campaign=api&utm_medium=Demirro%3A1409621126359,0,2024-01-14T09:19:53Z,"[{'music_genre': {'music_genre_id': 18, 'music_genre_parent_id': 34, 'music_genre_name': 'Hip Hop/Rap', 'music_genre_name_extended': 'Hip-Hop/Rap', 'music_genre_vanity': 'Hip-Hop-Rap'}}]"
59,262846009,Drums (Feat. Kim Petras),[],74,164103689,0,0,1,1,0,1,58877677,Drums - Single,57346681,James Hype feat. Kim Petras,https://www.musixmatch.com/lyrics/James-Hype-Kim-Petras/Drums-Kim-Petras?utm_source=application&utm_campaign=api&utm_medium=Demirro%3A1409621126359,https://www.musixmatch.com/lyrics/James-Hype-Kim-Petras/Drums-Kim-Petras/edit?utm_source=application&utm_campaign=api&utm_medium=Demirro%3A1409621126359,0,2023-10-14T05:37:06Z,"[{'music_genre': {'music_genre_id': 17, 'music_genre_parent_id': 34, 'music_genre_name': 'Dance', 'music_genre_name_extended': 'Dance', 'music_genre_vanity': 'Dance'}}]"
60,263047984,Your New Morning Alarm,[],15,164273966,0,1,1,1,0,0,58956643,Your New Morning Alarm,35777403,Marc Rebillet,https://www.musixmatch.com/lyrics/Marc-Rebillet/Your-New-Morning-Alarm?utm_source=application&utm_campaign=api&utm_medium=Demirro%3A1409621126359,https://www.musixmatch.com/lyrics/Marc-Rebillet/Your-New-Morning-Alarm/edit?utm_source=application&utm_campaign=api&utm_medium=Demirro%3A1409621126359,0,2024-01-08T14:48:53Z,"[{'music_genre': {'music_genre_id': 15, 'music_genre_parent_id': 34, 'music_genre_name': 'R&B/Soul', 'music_genre_name_extended': 'R&B/Soul', 'music_genre_vanity': 'R-B-Soul'}}]"
61,266693449,Am I Enough,[],70,165606783,0,0,1,1,0,0,59915836,Am I Enough - Single,48500063,Loi,https://www.musixmatch.com/lyrics/Loi-1/Am-I-Enough?utm_source=application&utm_campaign=api&utm_medium=Demirro%3A1409621126359,https://www.musixmatch.com/lyrics/Loi-1/Am-I-Enough/edit?utm_source=application&utm_campaign=api&utm_medium=Demirro%3A1409621126359,0,2023-11-20T22:59:27Z,"[{'music_genre': {'music_genre_id': 14, 'music_genre_parent_id': 34, 'music_genre_name': 'Pop', 'music_genre_name_extended': 'Pop', 'music_genre_vanity': 'Pop'}}]"
62,272284662,Good People,[],98,169558683,0,0,1,1,0,4,61122294,Good People - Single,58557258,Mumford & Sons feat. Pharrell Williams,https://www.musixmatch.com/lyrics/Mumford-Sons-Pharrell-Williams/Good-People?utm_source=application&utm_campaign=api&utm_medium=Demirro%3A1409621126359,https://www.musixmatch.com/lyrics/Mumford-Sons-Pharrell-Williams/Good-People/edit?utm_source=application&utm_campaign=api&utm_medium=Demirro%3A1409621126359,0,2024-01-19T21:33:54Z,"[{'music_genre': {'music_genre_id': 20, 'music_genre_parent_id': 34, 'music_genre_name': 'Alternative', 'music_genre_name_extended': 'Alternative', 'music_genre_vanity': 'Alternative'}}]"
63,272421906,Rest Of My Life,[],94,169579597,0,0,1,1,0,0,61126925,Rest Of My Life,58560015,"Jonas Blue feat. Sam Feldt, Endless Summer & Sadie Rose Van",https://www.musixmatch.com/lyrics/Jonas-Blue-Sam-Feldt-Endless-Summer-Sadie-Rose-Van/Rest-Of-My-Life?utm_source=application&utm_campaign=api&utm_medium=Demirro%3A1409621126359,https://www.musixmatch.com/lyrics/Jonas-Blue-Sam-Feldt-Endless-Summer-Sadie-Rose-Van/Rest-Of-My-Life/edit?utm_source=application&utm_campaign=api&utm_medium=Demirro%3A1409621126359,0,2024-01-20T04:55:17Z,[]
64,243605916,Wildberry Lillet,[],82,149769989,0,0,1,1,1,21,53508586,Wildberry Lillet,36956146,Nina Chuba,https://www.musixmatch.com/lyrics/Nina-Chuba/Wildberry-Lillet?utm_source=application&utm_campaign=api&utm_medium=Demirro%3A1409621126359,https://www.musixmatch.com/lyrics/Nina-Chuba/Wildberry-Lillet/edit?utm_source=application&utm_campaign=api&utm_medium=Demirro%3A1409621126359,0,2022-10-26T15:54:27Z,"[{'music_genre': {'music_genre_id': 18, 'music_genre_parent_id': 34, 'music_genre_name': 'Hip Hop/Rap', 'music_genre_name_extended': 'Hip-Hop/Rap', 'music_genre_vanity': 'Hip-Hop-Rap'}}]"
65,252701240,Lay Low,[],82,156922248,0,0,1,1,1,29,56261485,Lay Low - Single,55871760,Tiësto,https://www.musixmatch.com/lyrics/Ti%C3%ABsto-9/lay-low?utm_source=application&utm_campaign=api&utm_medium=Demirro%3A1409621126359,https://www.musixmatch.com/lyrics/Ti%C3%ABsto-9/lay-low/edit?utm_source=application&utm_campaign=api&utm_medium=Demirro%3A1409621126359,0,2023-07-22T13:22:43Z,"[{'music_genre': {'music_genre_id': 1051, 'music_genre_parent_id': 17, 'music_genre_name': 'Trance', 'music_genre_name_extended': 'Dance / Trance', 'music_genre_vanity': 'Dance-Trance'}}]"
66,31189124,Bring Me To Life,[],90,2240312,0,0,1,1,1,28402,14178835,Fallen,27177,Evanescence,https://www.musixmatch.com/lyrics/Evanescence/Bring-Me-to-Life?utm_source=application&utm_campaign=api&utm_medium=Demirro%3A1409621126359,https://www.musixmatch.com/lyrics/Evanescence/Bring-Me-to-Life/edit?utm_source=application&utm_campaign=api&utm_medium=Demirro%3A1409621126359,0,2023-11-21T17:03:29Z,"[{'music_genre': {'music_genre_id': 1068, 'music_genre_parent_id': 18, 'music_genre_name': 'Alternative Rap', 'music_genre_name_extended': 'Hip Hop/Rap / Alternative Rap', 'music_genre_vanity': 'Hip-Hop-Rap-Alternative-Rap'}}, {'music_genre': {'music_genre_id': 1152, 'music_genre_parent_id': 21, 'music_genre_name': 'Hard Rock', 'music_genre_name_extended': 'Rock / Hard Rock', 'music_genre_vanity': 'Rock-Hard-Rock'}}, {'music_genre': {'music_genre_id': 1153, 'music_genre_parent_id': 21, 'music_genre_name': 'Heavy Metal', 'music_genre_name_extended': 'Rock / Heavy Metal', 'music_genre_vanity': 'Rock-Heavy-Metal'}}, {'music_genre': {'music_genre_id': 20, 'music_genre_parent_id': 34, 'music_genre_name': 'Alternative', 'music_genre_name_extended': 'Alternative', 'music_genre_vanity': 'Alternative'}}, {'music_genre': {'music_genre_id': 21, 'music_genre_parent_id': 34, 'music_genre_name': 'Rock', 'music_genre_name_extended': 'Rock', 'music_genre_vanity': 'Rock'}}]"
67,86366779,Zombie,[],82,43591,0,0,1,1,1,22186,21034343,Stars: The Best of the Cranberries 1992-2002 (The One & Only),96,The Cranberries,https://www.musixmatch.com/lyrics/The-Cranberries/Zombie?utm_source=application&utm_campaign=api&utm_medium=Demirro%3A1409621126359,https://www.musixmatch.com/lyrics/The-Cranberries/Zombie/edit?utm_source=application&utm_campaign=api&utm_medium=Demirro%3A1409621126359,0,2023-09-21T12:13:21Z,"[{'music_genre': {'music_genre_id': 21, 'music_genre_parent_id': 34, 'music_genre_name': 'Rock', 'music_genre_name_extended': 'Rock', 'music_genre_vanity': 'Rock'}}]"
68,34601898,Ich liebe das Leben,[],74,1619407,0,0,1,1,1,32,15547372,Ich liebe das Leben,54354808,Vicky Leandros,https://www.musixmatch.com/lyrics/Vicky-Leandros/Ich-liebe-das-Leben?utm_source=application&utm_campaign=api&utm_medium=Demirro%3A1409621126359,https://www.musixmatch.com/lyrics/Vicky-Leandros/Ich-liebe-das-Leben/edit?utm_source=application&utm_campaign=api&utm_medium=Demirro%3A1409621126359,0,2022-07-28T12:47:12Z,"[{'music_genre': {'music_genre_id': 50000066, 'music_genre_parent_id': 34, 'music_genre_name': 'German Pop', 'music_genre_name_extended': 'German Pop', 'music_genre_vanity': 'German-Pop'}}]"
69,87317102,I Was Made For Lovin' You,[],59,115108549,0,0,1,1,1,209,21092820,Sonic Boom,13949139,Kiss,https://www.musixmatch.com/lyrics/Kiss-2/I-Was-Made-For-Lovin-You-3?utm_source=application&utm_campaign=api&utm_medium=Demirro%3A1409621126359,https://www.musixmatch.com/lyrics/Kiss-2/I-Was-Made-For-Lovin-You-3/edit?utm_source=application&utm_campaign=api&utm_medium=Demirro%3A1409621126359,0,2023-08-01T20:58:43Z,"[{'music_genre': {'music_genre_id': 21, 'music_genre_parent_id': 34, 'music_genre_name': 'Rock', 'music_genre_name_extended': 'Rock', 'music_genre_vanity': 'Rock'}}]"
70,240000869,Der Zug hat keine Bremse - Mallorcastyle Edition,[],66,146992969,0,0,1,1,1,2,52443415,Der Zug hat keine Bremse (Mallorcastyle Edition),53975655,Mia Julia feat. Lorenz Büffel & Malle Anja,https://www.musixmatch.com/lyrics/Mia-Julia-Lorenz-B%C3%BCffel-Malle-Anja/Der-Zug-hat-keine-Bremse-Mallorcastyle-Edition?utm_source=application&utm_campaign=api&utm_medium=Demirro%3A1409621126359,https://www.musixmatch.com/lyrics/Mia-Julia-Lorenz-B%C3%BCffel-Malle-Anja/Der-Zug-hat-keine-Bremse-Mallorcastyle-Edition/edit?utm_source=application&utm_campaign=api&utm_medium=Demirro%3A1409621126359,0,2023-06-09T13:55:55Z,"[{'music_genre': {'music_genre_id': 50000066, 'music_genre_parent_id': 34, 'music_genre_name': 'German Pop', 'music_genre_name_extended': 'German Pop', 'music_genre_vanity': 'German-Pop'}}]"
71,256268867,9 bis 9,[],75,159136776,0,0,1,1,1,3,57104921,9 bis 9 - Single,56299470,SIRA feat. Bausa & badchieff,https://www.musixmatch.com/lyrics/SIRA-Bausa-badchieff/9-bis-9?utm_source=application&utm_campaign=api&utm_medium=Demirro%3A1409621126359,https://www.musixmatch.com/lyrics/SIRA-Bausa-badchieff/9-bis-9/edit?utm_source=application&utm_campaign=api&utm_medium=Demirro%3A1409621126359,0,2023-07-22T11:26:51Z,"[{'music_genre': {'music_genre_id': 18, 'music_genre_parent_id': 34, 'music_genre_name': 'Hip Hop/Rap', 'music_genre_name_extended': 'Hip-Hop/Rap', 'music_genre_vanity': 'Hip-Hop-Rap'}}]"
72,206690033,Der letzte Tanz - Akustisch,[],73,119308360,0,0,1,1,0,0,41380054,Der letzte Tanz (Akustisch),107120,Bosse,https://www.musixmatch.com/lyrics/Bosse/Der-letzte-Tanz-Akustisch?utm_source=application&utm_campaign=api&utm_medium=Demirro%3A1409621126359,https://www.musixmatch.com/lyrics/Bosse/Der-letzte-Tanz-Akustisch/edit?utm_source=application&utm_campaign=api&utm_medium=Demirro%3A1409621126359,0,2023-12-17T08:25:33Z,"[{'music_genre': {'music_genre_id': 14, 'music_genre_parent_id': 34, 'music_genre_name': 'Pop', 'music_genre_name_extended': 'Pop', 'music_genre_vanity': 'Pop'}}]"
73,263857809,Overdrive (feat. Norma Jean Martine) - Extended Mix,[],71,164913740,0,0,1,1,0,8,59258216,Overdrive (feat. Norma Jean Martine) - Single,57346700,Ofenbach feat. Norma Jean Martine,https://www.musixmatch.com/lyrics/Ofenbach-Norma-Jean-Martine/Overdrive-Norma-Jean-Martine-Extended-Mix?utm_source=application&utm_campaign=api&utm_medium=Demirro%3A1409621126359,https://www.musixmatch.com/lyrics/Ofenbach-Norma-Jean-Martine/Overdrive-Norma-Jean-Martine-Extended-Mix/edit?utm_source=application&utm_campaign=api&utm_medium=Demirro%3A1409621126359,0,2024-01-03T13:07:04Z,"[{'music_genre': {'music_genre_id': 7, 'music_genre_parent_id': 34, 'music_genre_name': 'Electronic', 'music_genre_name_extended': 'Electronic', 'music_genre_vanity': 'Electronic'}}]"
74,246627066,Si No Estás,[],91,152229385,0,0,1,1,1,108,54564356,Si No Estás,55017274,iñigo quintero,https://www.musixmatch.com/lyrics/i%C3%B1igo-quintero/Si-No-Est%C3%A1s?utm_source=application&utm_campaign=api&utm_medium=Demirro%3A1409621126359,https://www.musixmatch.com/lyrics/i%C3%B1igo-quintero/Si-No-Est%C3%A1s/edit?utm_source=application&utm_campaign=api&utm_medium=Demirro%3A1409621126359,0,2023-11-20T23:02:49Z,"[{'music_genre': {'music_genre_id': 10, 'music_genre_parent_id': 34, 'music_genre_name': 'Singer/Songwriter', 'music_genre_name_extended': 'Singer/Songwriter', 'music_genre_vanity': 'Singer-Songwriter'}}]"
75,260065807,Simple Man,[],73,161706121,0,0,1,1,0,1,57870315,FYFTY (Super Deluxe),382,Lynyrd Skynyrd,https://www.musixmatch.com/lyrics/Lynyrd-Skynyrd/Simple-Man-2?utm_source=application&utm_campaign=api&utm_medium=Demirro%3A1409621126359,https://www.musixmatch.com/lyrics/Lynyrd-Skynyrd/Simple-Man-2/edit?utm_source=application&utm_campaign=api&utm_medium=Demirro%3A1409621126359,0,2023-11-24T07:51:01Z,"[{'music_genre': {'music_genre_id': 21, 'music_genre_parent_id': 34, 'music_genre_name': 'Rock', 'music_genre_name_extended': 'Rock', 'music_genre_vanity': 'Rock'}}]"
76,37888079,Unwritten,[],98,3437701,0,0,1,1,1,2178,15766407,Unwritten,73601,Natasha Bedingfield,https://www.musixmatch.com/lyrics/Natasha-Bedingfield/Unwritten?utm_source=application&utm_campaign=api&utm_medium=Demirro%3A1409621126359,https://www.musixmatch.com/lyrics/Natasha-Bedingfield/Unwritten/edit?utm_source=application&utm_campaign=api&utm_medium=Demirro%3A1409621126359,0,2023-08-30T12:07:52Z,"[{'music_genre': {'music_genre_id': 1136, 'music_genre_parent_id': 15, 'music_genre_name': 'Contemporary R&B', 'music_genre_name_extended': 'R&B/Soul / Contemporary R&B', 'music_genre_vanity': 'R-B-Soul-Contemporary-R-B'}}, {'music_genre': {'music_genre_id': 14, 'music_genre_parent_id': 34, 'music_genre_name': 'Pop', 'music_genre_name_extended': 'Pop', 'music_genre_vanity': 'Pop'}}]"
77,263038557,Das tut sich doch keiner freiwillig an,[],10,164268324,0,0,1,1,0,1,58953656,Nur Liebe,41514937,Maite Kelly,https://www.musixmatch.com/lyrics/Maite-Kelly/Das-tut-sich-doch-keiner-freiwillig-an?utm_source=application&utm_campaign=api&utm_medium=Demirro%3A1409621126359,https://www.musixmatch.com/lyrics/Maite-Kelly/Das-tut-sich-doch-keiner-freiwillig-an/edit?utm_source=application&utm_campaign=api&utm_medium=Demirro%3A1409621126359,0,2023-11-26T16:49:59Z,"[{'music_genre': {'music_genre_id': 50000066, 'music_genre_parent_id': 34, 'music_genre_name': 'German Pop', 'music_genre_name_extended': 'German Pop', 'music_genre_vanity': 'German-Pop'}}]"
78,271498628,Frieden,[],76,168891307,0,1,1,1,0,1,60813482,Frieden - Single,48547430,K.I.Z,https://www.musixmatch.com/lyrics/K-I-Z/Frieden?utm_source=application&utm_campaign=api&utm_medium=Demirro%3A1409621126359,https://www.musixmatch.com/lyrics/K-I-Z/Frieden/edit?utm_source=application&utm_campaign=api&utm_medium=Demirro%3A1409621126359,0,2024-01-14T12:27:00Z,"[{'music_genre': {'music_genre_id': 18, 'music_genre_parent_id': 34, 'music_genre_name': 'Hip Hop/Rap', 'music_genre_name_extended': 'Hip-Hop/Rap', 'music_genre_vanity': 'Hip-Hop-Rap'}}]"
79,270587812,Head Down,[],75,168572574,0,0,1,1,0,9,60722857,Head Down - Single,58340816,Lost Frequencies feat. Bastille,https://www.musixmatch.com/lyrics/Lost-Frequencies-Bastille/Head-Down?utm_source=application&utm_campaign=api&utm_medium=Demirro%3A1409621126359,https://www.musixmatch.com/lyrics/Lost-Frequencies-Bastille/Head-Down/edit?utm_source=application&utm_campaign=api&utm_medium=Demirro%3A1409621126359,0,2024-01-20T11:04:27Z,"[{'music_genre': {'music_genre_id': 17, 'music_genre_parent_id': 34, 'music_genre_name': 'Dance', 'music_genre_name_extended': 'Dance', 'music_genre_vanity': 'Dance'}}]"
80,272452313,München (feat. Chris Hell von FJØRT),[],73,169583665,0,1,1,1,0,0,61128429,München (feat. Chris Hell von FJØRT),58560692,kettcar feat. FJØRT,https://www.musixmatch.com/lyrics/kettcar-FJ%C3%98RT/M%C3%BCnchen-Chris-Hell-von-FJ%C3%98RT?utm_source=application&utm_campaign=api&utm_medium=Demirro%3A1409621126359,https://www.musixmatch.com/lyrics/kettcar-FJ%C3%98RT/M%C3%BCnchen-Chris-Hell-von-FJ%C3%98RT/edit?utm_source=application&utm_campaign=api&utm_medium=Demirro%3A1409621126359,0,2024-01-21T22:16:18Z,[]
81,264454553,Is It Over Now? (Taylor's Version) (From The Vault),[],96,165224859,0,0,1,1,1,41,59375612,1989 (Taylor's Version) [Deluxe],259675,Taylor Swift,https://www.musixmatch.com/lyrics/Taylor-Swift/Is-It-Over-Now-Taylor-s-Version-From-The-Vault?utm_source=application&utm_campaign=api&utm_medium=Demirro%3A1409621126359,https://www.musixmatch.com/lyrics/Taylor-Swift/Is-It-Over-Now-Taylor-s-Version-From-The-Vault/edit?utm_source=application&utm_campaign=api&utm_medium=Demirro%3A1409621126359,0,2024-01-22T03:18:31Z,"[{'music_genre': {'music_genre_id': 14, 'music_genre_parent_id': 34, 'music_genre_name': 'Pop', 'music_genre_name_extended': 'Pop', 'music_genre_vanity': 'Pop'}}]"
82,262964638,Stay (Never Leave),[],46,164204795,0,0,1,1,0,0,58930192,Stay (Never Leave) - Single,57373101,Kris Kross Amsterdam feat. SERA & Conor Maynard,https://www.musixmatch.com/lyrics/Kris-Kross-Amsterdam-SERA-Conor-Maynard/Stay-Never-Leave?utm_source=application&utm_campaign=api&utm_medium=Demirro%3A1409621126359,https://www.musixmatch.com/lyrics/Kris-Kross-Amsterdam-SERA-Conor-Maynard/Stay-Never-Leave/edit?utm_source=application&utm_campaign=api&utm_medium=Demirro%3A1409621126359,0,2023-12-12T13:19:43Z,"[{'music_genre': {'music_genre_id': 14, 'music_genre_parent_id': 34, 'music_genre_name': 'Pop', 'music_genre_name_extended': 'Pop', 'music_genre_vanity': 'Pop'}}]"
83,262149169,American Town,[],65,163085633,0,0,1,1,0,15,58589450,Autumn Variations,49581672,Ed Sheeran,https://www.musixmatch.com/lyrics/Ed-Sheeran/American-Town?utm_source=application&utm_campaign=api&utm_medium=Demirro%3A1409621126359,https://www.musixmatch.com/lyrics/Ed-Sheeran/American-Town/edit?utm_source=application&utm_campaign=api&utm_medium=Demirro%3A1409621126359,0,2023-11-14T20:34:12Z,"[{'music_genre': {'music_genre_id': 14, 'music_genre_parent_id': 34, 'music_genre_name': 'Pop', 'music_genre_name_extended': 'Pop', 'music_genre_vanity': 'Pop'}}]"
84,264808162,know that you're not alone,[],90,165345361,0,0,1,1,1,4,59404574,know that you're not alone - Single,32133396,Cat Burns,https://www.musixmatch.com/lyrics/Cat-Burns/know-that-you-re-not-alone?utm_source=application&utm_campaign=api&utm_medium=Demirro%3A1409621126359,https://www.musixmatch.com/lyrics/Cat-Burns/know-that-you-re-not-alone/edit?utm_source=application&utm_campaign=api&utm_medium=Demirro%3A1409621126359,0,2023-11-04T07:45:43Z,"[{'music_genre': {'music_genre_id': 10, 'music_genre_parent_id': 34, 'music_genre_name': 'Singer/Songwriter', 'music_genre_name_extended': 'Singer/Songwriter', 'music_genre_vanity': 'Singer-Songwriter'}}]"
85,124672230,Auffe aufn Berg,[],58,69024575,0,0,1,1,1,2,25385278,Auffe aufn Berg,34106936,Jägermeister DJ Alex & Matty Valentino,https://www.musixmatch.com/lyrics/J%C3%A4germeister-DJ-Alex-Matty-Valentino/Auffe-aufn-Berg?utm_source=application&utm_campaign=api&utm_medium=Demirro%3A1409621126359,https://www.musixmatch.com/lyrics/J%C3%A4germeister-DJ-Alex-Matty-Valentino/Auffe-aufn-Berg/edit?utm_source=application&utm_campaign=api&utm_medium=Demirro%3A1409621126359,0,2021-06-17T17:40:24Z,"[{'music_genre': {'music_genre_id': 50000066, 'music_genre_parent_id': 34, 'music_genre_name': 'German Pop', 'music_genre_name_extended': 'German Pop', 'music_genre_vanity': 'German-Pop'}}]"
86,126372373,Something Just Like This,[],91,70055156,0,0,1,1,1,23614,25638651,Memories...Do Not Open,33174789,The Chainsmokers feat. Coldplay,https://www.musixmatch.com/lyrics/The-Chainsmokers-feat-Coldplay/Something-Just-Like-This?utm_source=application&utm_campaign=api&utm_medium=Demirro%3A1409621126359,https://www.musixmatch.com/lyrics/The-Chainsmokers-feat-Coldplay/Something-Just-Like-This/edit?utm_source=application&utm_campaign=api&utm_medium=Demirro%3A1409621126359,0,2023-10-09T13:49:54Z,"[{'music_genre': {'music_genre_id': 7, 'music_genre_parent_id': 34, 'music_genre_name': 'Electronic', 'music_genre_name_extended': 'Electronic', 'music_genre_vanity': 'Electronic'}}, {'music_genre': {'music_genre_id': 14, 'music_genre_parent_id': 34, 'music_genre_name': 'Pop', 'music_genre_name_extended': 'Pop', 'music_genre_vanity': 'Pop'}}, {'music_genre': {'music_genre_id': 17, 'music_genre_parent_id': 34, 'music_genre_name': 'Dance', 'music_genre_name_extended': 'Dance', 'music_genre_vanity': 'Dance'}}]"
87,158988975,Shallow,[],95,88392716,0,1,1,1,1,7467,30239370,A Star Is Born Soundtrack,36879228,Lady Gaga feat. Bradley Cooper,https://www.musixmatch.com/lyrics/Lady-Gaga-feat-Bradley-Cooper/Shallow?utm_source=application&utm_campaign=api&utm_medium=Demirro%3A1409621126359,https://www.musixmatch.com/lyrics/Lady-Gaga-feat-Bradley-Cooper/Shallow/edit?utm_source=application&utm_campaign=api&utm_medium=Demirro%3A1409621126359,0,2023-02-14T08:01:24Z,"[{'music_genre': {'music_genre_id': 1042, 'music_genre_parent_id': 6, 'music_genre_name': 'Traditional Country', 'music_genre_name_extended': 'Country / Traditional Country', 'music_genre_vanity': 'Country-Traditional-Country'}}, {'music_genre': {'music_genre_id': 1065, 'music_genre_parent_id': 10, 'music_genre_name': 'Folk-Rock', 'music_genre_name_extended': 'Singer/Songwriter / Folk-Rock', 'music_genre_vanity': 'Singer-Songwriter-Folk-Rock'}}, {'music_genre': {'music_genre_id': 1133, 'music_genre_parent_id': 14, 'music_genre_name': 'Pop/Rock', 'music_genre_name_extended': 'Pop / Pop/Rock', 'music_genre_vanity': 'Pop-Pop-Rock'}}]"
88,84288640,Hells Bells,[],72,207608,0,1,1,1,1,3136,20892183,Back In Black,626,AC/DC,https://www.musixmatch.com/lyrics/AC-DC/Hells-Bells?utm_source=application&utm_campaign=api&utm_medium=Demirro%3A1409621126359,https://www.musixmatch.com/lyrics/AC-DC/Hells-Bells/edit?utm_source=application&utm_campaign=api&utm_medium=Demirro%3A1409621126359,0,2022-11-25T19:26:34Z,"[{'music_genre': {'music_genre_id': 21, 'music_genre_parent_id': 34, 'music_genre_name': 'Rock', 'music_genre_name_extended': 'Rock', 'music_genre_vanity': 'Rock'}}]"
89,170306150,Someone You Loved,"[{'track_name_translation': {'language': 'zr', 'translation': 'Lewis Capaldi - Someone You Loved (HAOZI Remix)'}}]",95,102617307,0,0,1,1,1,1207,32470363,Divinely Uninspired To A Hellish Extent,33258132,Lewis Capaldi,https://www.musixmatch.com/lyrics/Lewis-Capaldi/someone-you-loved?utm_source=application&utm_campaign=api&utm_medium=Demirro%3A1409621126359,https://www.musixmatch.com/lyrics/Lewis-Capaldi/someone-you-loved/edit?utm_source=application&utm_campaign=api&utm_medium=Demirro%3A1409621126359,0,2023-06-02T09:58:46Z,"[{'music_genre': {'music_genre_id': 20, 'music_genre_parent_id': 34, 'music_genre_name': 'Alternative', 'music_genre_name_extended': 'Alternative', 'music_genre_vanity': 'Alternative'}}]"
